,Video,Shape_type,Name,Color name,Color BGR,Thickness,Center_X,Center_Y,vertices,center,area,max_vertice_distance,area_cm,Tags,Ear_tag_size
0,R4G66S2,polygon,SAME_1,Yellow,"(0, 255, 255)",2,193,321,"[[286 231]
 [226 451]
 [ 91 321]]",[201 334],18750.0,118,3078.33,"{'Center_tag': (201, 334), 'Tag_0': (286, 231), 'Tag_1': (226, 451), 'Tag_2': (91, 321)}",5
1,R4G66S2,polygon,SAME_2,Yellow,"(0, 255, 255)",2,299,84,"[[290 232]
 [ 97 137]
 [247  30]]",[211 133],17450.5,118,3078.33,"{'Center_tag': (211, 133), 'Tag_0': (290, 232), 'Tag_1': (97, 137), 'Tag_2': (247, 30)}",5
2,R4G66S2,polygon,NEVER_1,Cyan,"(255, 255, 102)",2,294,92,"[[290 233]
 [247  29]
 [383  42]]",[306 101],13592.5,118,3078.33,"{'Center_tag': (306, 101), 'Tag_0': (290, 233), 'Tag_1': (247, 29), 'Tag_2': (383, 42)}",5
3,R4G66S2,polygon,NEVER_2,Cyan,"(255, 255, 102)",2,289,363,"[[288 232]
 [380 444]
 [223 455]]",[297 377],17148.0,118,3078.33,"{'Center_tag': (297, 377), 'Tag_0': (288, 232), 'Tag_1': (380, 444), 'Tag_2': (223, 455)}",5
4,R4G66S2,polygon,NOVEL_1,Green,"(0, 128, 0)",2,388,133,"[[287 233]
 [384  43]
 [493 180]]",[388 152],16999.5,118,3078.33,"{'Center_tag': (388, 152), 'Tag_0': (287, 233), 'Tag_1': (384, 43), 'Tag_2': (493, 180)}",5
5,R4G66S2,polygon,NOVEL_2,Green,"(0, 128, 0)",2,382,318,"[[288 231]
 [498 314]
 [378 439]]",[388 328],18105.0,118,3078.33,"{'Center_tag': (388, 328), 'Tag_0': (288, 231), 'Tag_1': (498, 314), 'Tag_2': (378, 439)}",5
6,R4G66S2,polygon,FORMER_1,Red,"(0, 0, 255)",2,424,225,"[[290 232]
 [493 179]
 [498 312]]",[427 241],13632.0,118,3078.33,"{'Center_tag': (427, 241), 'Tag_0': (290, 232), 'Tag_1': (493, 179), 'Tag_2': (498, 312)}",5
7,R4G66S2,polygon,FORMER_2,Red,"(0, 0, 255)",2,153,228,"[[285 230]
 [ 91 320]
 [ 91 135]]",[155 228],17945.0,118,3078.33,"{'Center_tag': (155, 228), 'Tag_0': (285, 230), 'Tag_1': (91, 320), 'Tag_2': (91, 135)}",5
8,R1G65S2,polygon,SAME_1,Yellow,"(0, 255, 255)",2,428,248,"[[294 255]
 [498 177]
 [492 327]]",[428 253],15066.0,118,3078.33,"{'Center_tag': (428, 253), 'Tag_0': (294, 255), 'Tag_1': (498, 177), 'Tag_2': (492, 327)}",5
9,R1G65S2,polygon,SAME_2,Yellow,"(0, 255, 255)",2,145,245,"[[292 254]
 [ 79 330]
 [ 82 152]]",[151 245],18843.0,118,3078.33,"{'Center_tag': (151, 245), 'Tag_0': (292, 254), 'Tag_1': (79, 330), 'Tag_2': (82, 152)}",5
10,R1G65S2,polygon,NEVER_1,Cyan,"(255, 255, 102)",2,397,155,"[[296 255]
 [386  52]
 [500 177]]",[394 161],17196.0,118,3078.33,"{'Center_tag': (394, 161), 'Tag_0': (296, 255), 'Tag_1': (386, 52), 'Tag_2': (500, 177)}",5
11,R1G65S2,polygon,NEVER_2,Cyan,"(255, 255, 102)",2,200,141,"[[295 255]
 [ 84 151]
 [215  44]]",[198 150],18100.5,118,3078.33,"{'Center_tag': (198, 150), 'Tag_0': (295, 255), 'Tag_1': (84, 151), 'Tag_2': (215, 44)}",5
12,R1G65S2,polygon,NOVEL_1,Red,"(0, 0, 255)",2,386,342,"[[292 255]
 [494 330]
 [369 476]]",[385 353],19433.5,118,3078.33,"{'Center_tag': (385, 353), 'Tag_0': (292, 255), 'Tag_1': (494, 330), 'Tag_2': (369, 476)}",5
13,R1G65S2,polygon,NOVEL_2,Red,"(0, 0, 255)",2,185,348,"[[291 256]
 [203 466]
 [ 77 332]]",[190 351],19126.0,118,3078.33,"{'Center_tag': (190, 351), 'Tag_0': (291, 256), 'Tag_1': (203, 466), 'Tag_2': (77, 332)}",5
14,R1G65S2,polygon,FORMER_1,Green,"(0, 128, 0)",2,299,115,"[[295 256]
 [214  44]
 [387  52]]",[298 117],18014.0,118,3078.33,"{'Center_tag': (298, 117), 'Tag_0': (295, 256), 'Tag_1': (214, 44), 'Tag_2': (387, 52)}",5
15,R1G65S2,polygon,FORMER_2,Green,"(0, 128, 0)",2,280,388,"[[292 258]
 [368 477]
 [202 469]]",[287 401],17873.0,118,3078.33,"{'Center_tag': (287, 401), 'Tag_0': (292, 258), 'Tag_1': (368, 477), 'Tag_2': (202, 469)}",5
16,R1G42S2,polygon,SAME_1,Yellow,"(0, 255, 255)",2,153,348,"[[314 220]
 [223 400]
 [114 256]]",[217 292],16362.0,118,3078.33,"{'Center_tag': (217, 292), 'Tag_0': (314, 220), 'Tag_1': (223, 400), 'Tag_2': (114, 256)}",5
17,R1G42S2,polygon,SAME_2,Yellow,"(0, 255, 255)",2,299,84,"[[314 216]
 [126 111]
 [271   2]]",[237 109],17858.5,118,3078.33,"{'Center_tag': (237, 109), 'Tag_0': (314, 216), 'Tag_1': (126, 111), 'Tag_2': (271, 2)}",5
18,R1G42S2,polygon,NEVER_1,Cyan,"(255, 255, 102)",2,310,36,"[[315 216]
 [271   1]
 [417  12]]",[334  76],15453.0,118,3078.33,"{'Center_tag': (334, 76), 'Tag_0': (315, 216), 'Tag_1': (271, 1), 'Tag_2': (417, 12)}",5
19,R1G42S2,polygon,NEVER_2,Cyan,"(255, 255, 102)",2,353,346,"[[315 221]
 [398 420]
 [219 404]]",[310 348],17146.5,118,3078.33,"{'Center_tag': (310, 348), 'Tag_0': (315, 221), 'Tag_1': (398, 420), 'Tag_2': (219, 404)}",5
20,R1G42S2,polygon,NOVEL_1,Green,"(0, 128, 0)",2,415,112,"[[315 218]
 [416  12]
 [522 130]]",[417 120],16877.0,118,3078.33,"{'Center_tag': (417, 120), 'Tag_0': (315, 218), 'Tag_1': (416, 12), 'Tag_2': (522, 130)}",5
21,R1G42S2,polygon,NOVEL_2,Green,"(0, 128, 0)",2,450,352,"[[315 221]
 [515 279]
 [400 418]]",[410 306],17235.0,118,3078.33,"{'Center_tag': (410, 306), 'Tag_0': (315, 221), 'Tag_1': (515, 279), 'Tag_2': (400, 418)}",5
22,R1G42S2,polygon,FORMER_1,Red,"(0, 0, 255)",2,519,236,"[[315 219]
 [521 131]
 [519 282]]",[451 210],15465.0,118,3078.33,"{'Center_tag': (451, 210), 'Tag_0': (315, 219), 'Tag_1': (521, 131), 'Tag_2': (519, 282)}",5
23,R1G42S2,polygon,FORMER_2,Red,"(0, 0, 255)",2,113,201,"[[315 217]
 [114 257]
 [120 111]]",[183 195],14553.0,118,3078.33,"{'Center_tag': (183, 195), 'Tag_0': (315, 217), 'Tag_1': (114, 257), 'Tag_2': (120, 111)}",5
24,R3G66S2,polygon,FORMER_1,Green,"(0, 128, 0)",2,299,110,"[[295 251]
 [220  32]
 [390  41]]",[301 108],18277.5,118,3078.33,"{'Center_tag': (301, 108), 'Tag_0': (295, 251), 'Tag_1': (220, 32), 'Tag_2': (390, 41)}",5
25,R3G66S2,polygon,FORMER_2,Green,"(0, 128, 0)",2,292,386,"[[291 255]
 [374 454]
 [211 451]]","(292, 386)",16094.0,118,3078.33,"{'Center_tag': (292, 386), 'Tag_0': (291, 255), 'Tag_1': (374, 454), 'Tag_2': (211, 451)}",5
26,R3G66S2,polygon,SAME_1,Yellow,"(0, 255, 255)",2,386,342,"[[292 255]
 [489 320]
 [374 456]]",[385 343],17133.5,118,3078.33,"{'Center_tag': (385, 343), 'Tag_0': (292, 255), 'Tag_1': (489, 320), 'Tag_2': (374, 456)}",5
27,R3G66S2,polygon,SAME_2,Yellow,"(0, 255, 255)",2,178,120,"[[292 250]
 [ 98 143]
 [220  34]]",[203 142],17100.0,118,3078.33,"{'Center_tag': (203, 142), 'Tag_0': (292, 250), 'Tag_1': (98, 143), 'Tag_2': (220, 34)}",5
28,R3G66S2,polygon,NEVER_1,Cyan,"(255, 255, 102)",2,427,247,"[[293 254]
 [499 166]
 [491 321]]","(427, 247)",15613.0,118,3078.33,"{'Center_tag': (427, 247), 'Tag_0': (293, 254), 'Tag_1': (499, 166), 'Tag_2': (491, 321)}",5
29,R3G66S2,polygon,NEVER_2,Cyan,"(255, 255, 102)",2,158,249,"[[290 251]
 [ 84 323]
 [ 93 142]]",[155 238],18319.0,118,3078.33,"{'Center_tag': (155, 238), 'Tag_0': (290, 251), 'Tag_1': (84, 323), 'Tag_2': (93, 142)}",5
30,R3G66S2,polygon,NOVEL_1,Red,"(0, 0, 255)",2,393,154,"[[292 254]
 [388  42]
 [499 166]]","(393, 154)",17718.0,118,3078.33,"{'Center_tag': (393, 154), 'Tag_0': (292, 254), 'Tag_1': (388, 42), 'Tag_2': (499, 166)}",5
31,R3G66S2,polygon,NOVEL_2,Red,"(0, 0, 255)",2,199,342,"[[292 252]
 [213 448]
 [ 82 321]]",[195 340],17854.5,118,3078.33,"{'Center_tag': (195, 340), 'Tag_0': (292, 252), 'Tag_1': (213, 448), 'Tag_2': (82, 321)}",5
32,R4G67S2,polygon,FORMER_1,Green,"(0, 128, 0)",2,424,225,"[[290 232]
 [493 179]
 [498 312]]",[427 241],13632.0,118,3078.33,"{'Center_tag': (427, 241), 'Tag_0': (290, 232), 'Tag_1': (493, 179), 'Tag_2': (498, 312)}",5
33,R4G67S2,polygon,FORMER_2,Green,"(0, 128, 0)",2,153,228,"[[285 230]
 [ 91 320]
 [ 93 148]]",[156 232],16594.0,118,3078.33,"{'Center_tag': (156, 232), 'Tag_0': (285, 230), 'Tag_1': (91, 320), 'Tag_2': (93, 148)}",5
34,R4G67S2,polygon,SAME_1,Yellow,"(0, 255, 255)",2,193,321,"[[286 231]
 [237 472]
 [ 91 321]]",[204 341],21292.5,118,3078.33,"{'Center_tag': (204, 341), 'Tag_0': (286, 231), 'Tag_1': (237, 472), 'Tag_2': (91, 321)}",5
35,R4G67S2,polygon,SAME_2,Yellow,"(0, 255, 255)",2,299,84,"[[290 232]
 [ 89 145]
 [247  30]]",[208 135],18430.5,118,3078.33,"{'Center_tag': (208, 135), 'Tag_0': (290, 232), 'Tag_1': (89, 145), 'Tag_2': (247, 30)}",5
36,R4G67S2,polygon,NEVER_1,Cyan,"(255, 255, 102)",2,294,92,"[[290 233]
 [247  29]
 [383  42]]",[306 101],13592.5,118,3078.33,"{'Center_tag': (306, 101), 'Tag_0': (290, 233), 'Tag_1': (247, 29), 'Tag_2': (383, 42)}",5
37,R4G67S2,polygon,NEVER_2,Cyan,"(255, 255, 102)",2,289,363,"[[288 232]
 [381 450]
 [237 474]]",[302 385],16812.0,118,3078.33,"{'Center_tag': (302, 385), 'Tag_0': (288, 232), 'Tag_1': (381, 450), 'Tag_2': (237, 474)}",5
38,R4G67S2,polygon,NOVEL_1,Red,"(0, 0, 255)",2,388,133,"[[287 233]
 [384  43]
 [493 180]]",[388 152],16999.5,118,3078.33,"{'Center_tag': (388, 152), 'Tag_0': (287, 233), 'Tag_1': (384, 43), 'Tag_2': (493, 180)}",5
39,R4G67S2,polygon,NOVEL_2,Red,"(0, 0, 255)",2,382,318,"[[288 231]
 [498 314]
 [382 447]]",[389 330],18779.0,118,3078.33,"{'Center_tag': (389, 330), 'Tag_0': (288, 231), 'Tag_1': (498, 314), 'Tag_2': (382, 447)}",5
40,R4G65S2,polygon,FORMER_1,Green,"(0, 128, 0)",2,288,412,"[[283 284]
 [370 480]
 [207 477]]",[286 413],15843.5,118,3078.33,"{'Center_tag': (286, 413), 'Tag_0': (283, 284), 'Tag_1': (370, 480), 'Tag_2': (207, 477)}",5
41,R4G65S2,polygon,FORMER_2,Green,"(0, 128, 0)",2,299,84,"[[281 281]
 [ 94 156]
 [216  67]]",[197 168],15946.5,118,3078.33,"{'Center_tag': (197, 168), 'Tag_0': (281, 281), 'Tag_1': (94, 156), 'Tag_2': (216, 67)}",5
42,R4G65S2,polygon,SAME_1,Yellow,"(0, 255, 255)",2,382,182,"[[281 282]
 [385  73]
 [492 201]]",[386 185],17837.5,118,3078.33,"{'Center_tag': (386, 185), 'Tag_0': (281, 282), 'Tag_1': (385, 73), 'Tag_2': (492, 201)}",5
43,R4G65S2,polygon,SAME_2,Yellow,"(0, 255, 255)",2,144,269,"[[281 282]
 [ 82 360]
 [ 92 156]]",[151 266],19908.0,118,3078.33,"{'Center_tag': (151, 266), 'Tag_0': (281, 282), 'Tag_1': (82, 360), 'Tag_2': (92, 156)}",5
44,R4G65S2,polygon,NEVER_1,Cyan,"(255, 255, 102)",2,416,275,"[[282 282]
 [491 202]
 [493 353]]",[422 279],15859.5,118,3078.33,"{'Center_tag': (422, 279), 'Tag_0': (282, 282), 'Tag_1': (491, 202), 'Tag_2': (493, 353)}",5
45,R4G65S2,polygon,NEVER_2,Cyan,"(255, 255, 102)",2,190,374,"[[283 284]
 [204 480]
 [ 85 359]]","(190, 374)",16441.5,118,3078.33,"{'Center_tag': (190, 374), 'Tag_0': (283, 284), 'Tag_1': (204, 480), 'Tag_2': (85, 359)}",5
46,R4G65S2,polygon,NOVEL_1,Red,"(0, 0, 255)",2,285,138,"[[281 279]
 [216  68]
 [388  72]]",[295 139],18016.0,118,3078.33,"{'Center_tag': (295, 139), 'Tag_0': (281, 279), 'Tag_1': (216, 68), 'Tag_2': (388, 72)}",5
47,R4G65S2,polygon,NOVEL_2,Red,"(0, 0, 255)",2,375,370,"[[281 283]
 [492 355]
 [368 479]]",[380 372],17546.0,118,3078.33,"{'Center_tag': (380, 372), 'Tag_0': (281, 283), 'Tag_1': (492, 355), 'Tag_2': (368, 479)}",5
48,R4G64S2,polygon,FORMER_1,Green,"(0, 128, 0)",2,301,134,"[[297 275]
 [225  57]
 [392  65]]",[304 132],17915.0,118,3078.33,"{'Center_tag': (304, 132), 'Tag_0': (297, 275), 'Tag_1': (225, 57), 'Tag_2': (392, 65)}",5
49,R4G64S2,polygon,FORMER_2,Green,"(0, 128, 0)",2,299,412,"[[298 281]
 [381 480]
 [218 477]]","(299, 412)",16094.0,118,3078.33,"{'Center_tag': (299, 412), 'Tag_0': (298, 281), 'Tag_1': (381, 480), 'Tag_2': (218, 477)}",5
50,R4G64S2,polygon,SAME_1,Yellow,"(0, 255, 255)",2,390,367,"[[296 280]
 [509 341]
 [381 477]]",[395 366],18388.0,118,3078.33,"{'Center_tag': (395, 366), 'Tag_0': (296, 280), 'Tag_1': (509, 341), 'Tag_2': (381, 477)}",5
51,R4G64S2,polygon,SAME_2,Yellow,"(0, 255, 255)",2,197,149,"[[298 280]
 [ 93 166]
 [225  60]]",[205 168],18389.0,118,3078.33,"{'Center_tag': (205, 168), 'Tag_0': (298, 280), 'Tag_1': (93, 166), 'Tag_2': (225, 60)}",5
52,R4G64S2,polygon,NEVER_1,Cyan,"(255, 255, 102)",2,429,273,"[[295 280]
 [501 192]
 [508 341]]",[434 271],15655.0,118,3078.33,"{'Center_tag': (434, 271), 'Tag_0': (295, 280), 'Tag_1': (501, 192), 'Tag_2': (508, 341)}",5
53,R4G64S2,polygon,NEVER_2,Cyan,"(255, 255, 102)",2,163,278,"[[295 280]
 [ 99 355]
 [ 93 167]]",[162 267],18649.0,118,3078.33,"{'Center_tag': (162, 267), 'Tag_0': (295, 280), 'Tag_1': (99, 355), 'Tag_2': (93, 167)}",5
54,R4G64S2,polygon,NOVEL_1,Red,"(0, 0, 255)",2,397,179,"[[296 279]
 [393  67]
 [503 191]]",[397 179],17674.0,118,3078.33,"{'Center_tag': (397, 179), 'Tag_0': (296, 279), 'Tag_1': (393, 67), 'Tag_2': (503, 191)}",5
55,R4G64S2,polygon,NOVEL_2,Red,"(0, 0, 255)",2,204,372,"[[297 282]
 [218 478]
 [ 99 357]]","(204, 372)",16441.5,118,3078.33,"{'Center_tag': (204, 372), 'Tag_0': (297, 282), 'Tag_1': (218, 478), 'Tag_2': (99, 357)}",5
56,R3G68S2,polygon,SAME_1,Yellow,"(0, 255, 255)",2,200,344,"[[293 254]
 [207 442]
 [ 82 300]]",[194 332],17856.0,118,3078.33,"{'Center_tag': (194, 332), 'Tag_0': (293, 254), 'Tag_1': (207, 442), 'Tag_2': (82, 300)}",5
57,R3G68S2,polygon,SAME_2,Yellow,"(0, 255, 255)",2,205,129,"[[299 252]
 [101 146]
 [227  31]]",[209 143],18063.0,118,3078.33,"{'Center_tag': (209, 143), 'Tag_0': (299, 252), 'Tag_1': (101, 146), 'Tag_2': (227, 31)}",5
58,R3G68S2,polygon,NEVER_1,Cyan,"(255, 255, 102)",2,304,114,"[[300 255]
 [228  31]
 [395  45]]",[307 110],18200.0,118,3078.33,"{'Center_tag': (307, 110), 'Tag_0': (300, 255), 'Tag_1': (228, 31), 'Tag_2': (395, 45)}",5
59,R3G68S2,polygon,NEVER_2,Cyan,"(255, 255, 102)",2,295,383,"[[294 252]
 [379 459]
 [209 442]]",[294 384],16872.5,118,3078.33,"{'Center_tag': (294, 384), 'Tag_0': (294, 252), 'Tag_1': (379, 459), 'Tag_2': (209, 442)}",5
60,R3G68S2,polygon,NOVEL_1,Red,"(0, 0, 255)",2,398,154,"[[297 254]
 [397  45]
 [496 173]]",[396 157],16745.5,118,3078.33,"{'Center_tag': (396, 157), 'Tag_0': (297, 254), 'Tag_1': (397, 45), 'Tag_2': (496, 173)}",5
61,R3G68S2,polygon,NOVEL_2,Red,"(0, 0, 255)",2,388,338,"[[294 251]
 [499 330]
 [379 461]]",[390 347],18167.5,118,3078.33,"{'Center_tag': (390, 347), 'Tag_0': (294, 251), 'Tag_1': (499, 330), 'Tag_2': (379, 461)}",5
62,R3G68S2,polygon,FORMER_1,Green,"(0, 128, 0)",2,432,248,"[[298 255]
 [504 167]
 [497 330]]",[433 250],16481.0,118,3078.33,"{'Center_tag': (433, 250), 'Tag_0': (298, 255), 'Tag_1': (504, 167), 'Tag_2': (497, 330)}",5
63,R3G68S2,polygon,FORMER_2,Green,"(0, 128, 0)",2,161,249,"[[293 251]
 [ 84 297]
 [ 89 138]]",[155 228],16500.5,118,3078.33,"{'Center_tag': (155, 228), 'Tag_0': (293, 251), 'Tag_1': (84, 297), 'Tag_2': (89, 138)}",5
64,R3G67S2,polygon,FORMER_1,Green,"(0, 128, 0)",2,294,118,"[[290 259]
 [230  37]
 [397  57]]",[305 117],17937.0,118,3078.33,"{'Center_tag': (305, 117), 'Tag_0': (290, 259), 'Tag_1': (230, 37), 'Tag_2': (397, 57)}",5
65,R3G67S2,polygon,FORMER_2,Green,"(0, 128, 0)",2,290,395,"[[289 264]
 [371 453]
 [210 455]]",[290 390],15296.5,118,3078.33,"{'Center_tag': (290, 390), 'Tag_0': (289, 264), 'Tag_1': (371, 453), 'Tag_2': (210, 455)}",5
66,R3G67S2,polygon,SAME_1,Yellow,"(0, 255, 255)",2,382,348,"[[288 261]
 [500 334]
 [374 453]]",[387 349],17213.0,118,3078.33,"{'Center_tag': (387, 349), 'Tag_0': (288, 261), 'Tag_1': (500, 334), 'Tag_2': (374, 453)}",5
67,R3G67S2,polygon,SAME_2,Yellow,"(0, 255, 255)",2,191,127,"[[288 263]
 [ 87 144]
 [229  38]]",[201 148],19102.0,118,3078.33,"{'Center_tag': (201, 148), 'Tag_0': (288, 263), 'Tag_1': (87, 144), 'Tag_2': (229, 38)}",5
68,R3G67S2,polygon,NEVER_1,Cyan,"(255, 255, 102)",2,425,255,"[[291 262]
 [501 185]
 [498 335]]",[430 260],15634.5,118,3078.33,"{'Center_tag': (430, 260), 'Tag_0': (291, 262), 'Tag_1': (501, 185), 'Tag_2': (498, 335)}",5
69,R3G67S2,polygon,NEVER_2,Cyan,"(255, 255, 102)",2,155,258,"[[290 262]
 [ 74 306]
 [ 88 143]]",[150 237],17296.0,118,3078.33,"{'Center_tag': (150, 237), 'Tag_0': (290, 262), 'Tag_1': (74, 306), 'Tag_2': (88, 143)}",5
70,R3G67S2,polygon,NOVEL_1,Red,"(0, 0, 255)",2,389,163,"[[288 263]
 [396  58]
 [502 183]]",[395 168],17615.0,118,3078.33,"{'Center_tag': (395, 168), 'Tag_0': (288, 263), 'Tag_1': (396, 58), 'Tag_2': (502, 183)}",5
71,R3G67S2,polygon,NOVEL_2,Red,"(0, 0, 255)",2,196,354,"[[289 264]
 [210 456]
 [ 74 307]]",[191 342],18941.5,118,3078.33,"{'Center_tag': (191, 342), 'Tag_0': (289, 264), 'Tag_1': (210, 456), 'Tag_2': (74, 307)}",5
72,R3G65S2,polygon,FORMER_1,Green,"(0, 128, 0)",2,387,179,"[[286 279]
 [382  67]
 [497 195]]",[388 180],18334.0,118,3078.33,"{'Center_tag': (388, 180), 'Tag_0': (286, 279), 'Tag_1': (382, 67), 'Tag_2': (497, 195)}",5
73,R3G65S2,polygon,FORMER_2,Green,"(0, 128, 0)",2,378,368,"[[284 281]
 [481 346]
 [369 478]]","(378, 368)",16642.0,118,3078.33,"{'Center_tag': (378, 368), 'Tag_0': (284, 281), 'Tag_1': (481, 346), 'Tag_2': (369, 478)}",5
74,R3G65S2,polygon,SAME_1,Yellow,"(0, 255, 255)",2,190,371,"[[283 281]
 [204 477]
 [ 85 356]]","(190, 371)",16441.5,118,3078.33,"{'Center_tag': (190, 371), 'Tag_0': (283, 281), 'Tag_1': (204, 477), 'Tag_2': (85, 356)}",5
75,R3G65S2,polygon,SAME_2,Yellow,"(0, 255, 255)",2,299,84,"[[285 278]
 [ 80 165]
 [236  67]]",[200 170],18859.0,118,3078.33,"{'Center_tag': (200, 170), 'Tag_0': (285, 278), 'Tag_1': (80, 165), 'Tag_2': (236, 67)}",5
76,R3G65S2,polygon,NEVER_1,Cyan,"(255, 255, 102)",2,291,136,"[[287 277]
 [234  63]
 [382  67]]",[301 135],15730.0,118,3078.33,"{'Center_tag': (301, 135), 'Tag_0': (287, 277), 'Tag_1': (234, 63), 'Tag_2': (382, 67)}",5
77,R3G65S2,polygon,NEVER_2,Cyan,"(255, 255, 102)",2,286,412,"[[285 281]
 [368 480]
 [205 477]]","(286, 412)",16094.0,118,3078.33,"{'Center_tag': (286, 412), 'Tag_0': (285, 281), 'Tag_1': (368, 480), 'Tag_2': (205, 477)}",5
78,R3G65S2,polygon,NOVEL_1,Red,"(0, 0, 255)",2,430,274,"[[285 279]
 [502 193]
 [494 348]]",[427 273],16473.5,118,3078.33,"{'Center_tag': (427, 273), 'Tag_0': (285, 279), 'Tag_1': (502, 193), 'Tag_2': (494, 348)}",5
79,R3G65S2,polygon,NOVEL_2,Red,"(0, 0, 255)",2,152,278,"[[284 280]
 [ 85 354]
 [ 82 170]]",[150 268],18419.0,118,3078.33,"{'Center_tag': (150, 268), 'Tag_0': (284, 280), 'Tag_1': (85, 354), 'Tag_2': (82, 170)}",5
80,R3G64S2,polygon,FORMER_1,Green,"(0, 128, 0)",2,300,131,"[[296 272]
 [224  63]
 [391  67]]",[303 134],17307.5,118,3078.33,"{'Center_tag': (303, 134), 'Tag_0': (296, 272), 'Tag_1': (224, 63), 'Tag_2': (391, 67)}",5
81,R3G64S2,polygon,FORMER_2,Green,"(0, 128, 0)",2,298,409,"[[298 276]
 [387 475]
 [217 474]]",[300 408],16870.5,118,3078.33,"{'Center_tag': (300, 408), 'Tag_0': (298, 276), 'Tag_1': (387, 475), 'Tag_2': (217, 474)}",5
82,R3G64S2,polygon,SAME_1,Yellow,"(0, 255, 255)",2,434,266,"[[300 273]
 [506 185]
 [506 347]]",[437 268],16686.0,118,3078.33,"{'Center_tag': (437, 268), 'Tag_0': (300, 273), 'Tag_1': (506, 185), 'Tag_2': (506, 347)}",5
83,R3G64S2,polygon,SAME_2,Yellow,"(0, 255, 255)",2,163,272,"[[295 274]
 [ 90 351]
 [ 92 172]]",[159 265],18270.5,118,3078.33,"{'Center_tag': (159, 265), 'Tag_0': (295, 274), 'Tag_1': (90, 351), 'Tag_2': (92, 172)}",5
84,R3G64S2,polygon,NEVER_1,Cyan,"(255, 255, 102)",2,399,173,"[[298 273]
 [393  68]
 [496 186]]",[395 175],16162.5,118,3078.33,"{'Center_tag': (395, 175), 'Tag_0': (298, 273), 'Tag_1': (393, 68), 'Tag_2': (496, 186)}",5
85,R3G64S2,polygon,NEVER_2,Cyan,"(255, 255, 102)",2,197,153,"[[297 275]
 [ 93 170]
 [223  64]]",[204 169],17637.0,118,3078.33,"{'Center_tag': (204, 169), 'Tag_0': (297, 275), 'Tag_1': (93, 170), 'Tag_2': (223, 64)}",5
86,R3G64S2,polygon,NOVEL_1,Red,"(0, 0, 255)",2,393,361,"[[299 274]
 [506 347]
 [387 475]]",[397 365],17591.5,118,3078.33,"{'Center_tag': (397, 365), 'Tag_0': (299, 274), 'Tag_1': (506, 347), 'Tag_2': (387, 475)}",5
87,R3G64S2,polygon,NOVEL_2,Red,"(0, 0, 255)",2,204,365,"[[297 274]
 [218 471]
 [ 99 350]]",[204 365],16501.0,118,3078.33,"{'Center_tag': (204, 365), 'Tag_0': (297, 274), 'Tag_1': (218, 471), 'Tag_2': (99, 350)}",5
88,R3G45S2,polygon,FORMER_1,Green,"(0, 128, 0)",2,415,112,"[[315 218]
 [411   6]
 [522 130]]",[416 118],17718.0,118,3078.33,"{'Center_tag': (416, 118), 'Tag_0': (315, 218), 'Tag_1': (411, 6), 'Tag_2': (522, 130)}",5
89,R3G45S2,polygon,FORMER_2,Green,"(0, 128, 0)",2,153,348,"[[314 220]
 [235 417]
 [119 300]]",[222 312],16047.5,118,3078.33,"{'Center_tag': (222, 312), 'Tag_0': (314, 220), 'Tag_1': (235, 417), 'Tag_2': (119, 300)}",5
90,R3G45S2,polygon,SAME_1,Yellow,"(0, 255, 255)",2,310,36,"[[315 216]
 [234   4]
 [410   6]]",[319  75],18575.0,118,3078.33,"{'Center_tag': (319, 75), 'Tag_0': (315, 216), 'Tag_1': (234, 4), 'Tag_2': (410, 6)}",5
91,R3G45S2,polygon,SAME_2,Yellow,"(0, 255, 255)",2,353,346,"[[315 221]
 [398 420]
 [235 417]]",[316 352],16094.0,118,3078.33,"{'Center_tag': (316, 352), 'Tag_0': (315, 221), 'Tag_1': (398, 420), 'Tag_2': (235, 417)}",5
92,R3G45S2,polygon,NEVER_1,Cyan,"(255, 255, 102)",2,450,352,"[[315 221]
 [512 286]
 [400 418]]",[409 308],16642.0,118,3078.33,"{'Center_tag': (409, 308), 'Tag_0': (315, 221), 'Tag_1': (512, 286), 'Tag_2': (400, 418)}",5
93,R3G45S2,polygon,NEVER_2,Cyan,"(255, 255, 102)",2,299,84,"[[314 216]
 [125 109]
 [232   5]]",[223 110],15552.5,118,3078.33,"{'Center_tag': (223, 110), 'Tag_0': (314, 216), 'Tag_1': (125, 109), 'Tag_2': (232, 5)}",5
94,R3G45S2,polygon,NOVEL_1,Red,"(0, 0, 255)",2,519,236,"[[315 219]
 [521 131]
 [513 286]]",[449 212],15613.0,118,3078.33,"{'Center_tag': (449, 212), 'Tag_0': (315, 219), 'Tag_1': (521, 131), 'Tag_2': (513, 286)}",5
95,R3G45S2,polygon,NOVEL_2,Red,"(0, 0, 255)",2,113,201,"[[315 217]
 [111 301]
 [123 109]]",[183 209],19080.0,118,3078.33,"{'Center_tag': (183, 209), 'Tag_0': (315, 217), 'Tag_1': (111, 301), 'Tag_2': (123, 109)}",5
96,R3G0S2,polygon,FORMER_1,Green,"(0, 128, 0)",2,297,99,"[[293 240]
 [212  28]
 [388  30]]","(297, 99)",18575.0,118,3078.33,"{'Center_tag': (297, 99), 'Tag_0': (293, 240), 'Tag_1': (212, 28), 'Tag_2': (388, 30)}",5
97,R3G0S2,polygon,FORMER_2,Green,"(0, 128, 0)",2,292,377,"[[291 246]
 [376 441]
 [217 446]]",[294 377],15715.0,118,3078.33,"{'Center_tag': (294, 377), 'Tag_0': (291, 246), 'Tag_1': (376, 441), 'Tag_2': (217, 446)}",5
98,R3G0S2,polygon,SAME_1,Yellow,"(0, 255, 255)",2,426,235,"[[292 242]
 [498 154]
 [500 330]]",[430 242],18216.0,118,3078.33,"{'Center_tag': (430, 242), 'Tag_0': (292, 242), 'Tag_1': (498, 154), 'Tag_2': (500, 330)}",5
99,R3G0S2,polygon,SAME_2,Yellow,"(0, 255, 255)",2,162,239,"[[294 241]
 [ 90 320]
 [101 138]]",[161 233],18129.5,118,3078.33,"{'Center_tag': (161, 233), 'Tag_0': (294, 241), 'Tag_1': (90, 320), 'Tag_2': (101, 138)}",5
100,R3G0S2,polygon,NEVER_1,Cyan,"(255, 255, 102)",2,395,141,"[[294 241]
 [390  29]
 [501 153]]","(395, 141)",17718.0,118,3078.33,"{'Center_tag': (395, 141), 'Tag_0': (294, 241), 'Tag_1': (390, 29), 'Tag_2': (501, 153)}",5
101,R3G0S2,polygon,NEVER_2,Cyan,"(255, 255, 102)",2,200,141,"[[294 240]
 [106 140]
 [211  27]]",[203 135],15872.0,118,3078.33,"{'Center_tag': (203, 135), 'Tag_0': (294, 240), 'Tag_1': (106, 140), 'Tag_2': (211, 27)}",5
102,R3G0S2,polygon,NOVEL_1,Red,"(0, 0, 255)",2,386,331,"[[292 244]
 [498 330]
 [377 441]]",[389 338],16636.0,118,3078.33,"{'Center_tag': (389, 338), 'Tag_0': (292, 244), 'Tag_1': (498, 330), 'Tag_2': (377, 441)}",5
103,R3G0S2,polygon,NOVEL_2,Red,"(0, 0, 255)",2,197,335,"[[290 245]
 [218 444]
 [ 92 320]]",[200 336],17001.0,118,3078.33,"{'Center_tag': (200, 336), 'Tag_0': (290, 245), 'Tag_1': (218, 444), 'Tag_2': (92, 320)}",5
104,R2G67S2,polygon,FORMER_1,Green,"(0, 128, 0)",2,296,104,"[[292 245]
 [226  33]
 [393  45]]",[303 107],17306.0,118,3078.33,"{'Center_tag': (303, 107), 'Tag_0': (292, 245), 'Tag_1': (226, 33), 'Tag_2': (393, 45)}",5
105,R2G67S2,polygon,FORMER_2,Green,"(0, 128, 0)",2,295,375,"[[294 244]
 [368 466]
 [218 468]]",[293 392],16724.0,118,3078.33,"{'Center_tag': (293, 392), 'Tag_0': (294, 244), 'Tag_1': (368, 466), 'Tag_2': (218, 468)}",5
106,R2G67S2,polygon,SAME_1,Yellow,"(0, 255, 255)",2,425,236,"[[291 243]
 [495 167]
 [489 333]]",[425 247],16704.0,118,3078.33,"{'Center_tag': (425, 247), 'Tag_0': (291, 243), 'Tag_1': (495, 167), 'Tag_2': (489, 333)}",5
107,R2G67S2,polygon,SAME_2,Yellow,"(0, 255, 255)",1,158,231,"[[291 243]
 [ 78 336]
 [ 88 134]]",[152 237],21048.0,118,3078.33,"{'Center_tag': (152, 237), 'Tag_0': (291, 243), 'Tag_1': (78, 336), 'Tag_2': (88, 134)}",5
108,R2G67S2,polygon,NEVER_1,Cyan,"(255, 255, 102)",2,393,146,"[[292 246]
 [392  44]
 [494 166]]",[392 152],16402.0,118,3078.33,"{'Center_tag': (392, 152), 'Tag_0': (292, 246), 'Tag_1': (392, 44), 'Tag_2': (494, 166)}",5
109,R2G67S2,polygon,NEVER_2,Cyan,"(255, 255, 102)",2,193,113,"[[292 243]
 [ 92 135]
 [227  34]]",[203 137],17390.0,118,3078.33,"{'Center_tag': (203, 137), 'Tag_0': (292, 243), 'Tag_1': (92, 135), 'Tag_2': (227, 34)}",5
110,R2G67S2,polygon,NOVEL_1,Red,"(0, 0, 255)",2,390,334,"[[297 247]
 [493 335]
 [368 469]]",[386 350],18632.0,118,3078.33,"{'Center_tag': (386, 350), 'Tag_0': (297, 247), 'Tag_1': (493, 335), 'Tag_2': (368, 469)}",5
111,R2G67S2,polygon,NOVEL_2,Red,"(0, 0, 255)",2,201,332,"[[294 242]
 [217 468]
 [ 79 337]]",[196 349],20637.5,118,3078.33,"{'Center_tag': (196, 349), 'Tag_0': (294, 242), 'Tag_1': (217, 468), 'Tag_2': (79, 337)}",5
112,R2G66S2,polygon,FORMER_1,Green,"(0, 128, 0)",2,300,99,"[[296 240]
 [223  27]
 [391  37]]",[303 101],17527.0,118,3078.33,"{'Center_tag': (303, 101), 'Tag_0': (296, 240), 'Tag_1': (223, 27), 'Tag_2': (391, 37)}",5
113,R2G66S2,polygon,FORMER_2,Green,"(0, 128, 0)",2,298,373,"[[297 240]
 [376 451]
 [204 441]]",[292 377],17751.0,118,3078.33,"{'Center_tag': (292, 377), 'Tag_0': (297, 240), 'Tag_1': (376, 451), 'Tag_2': (204, 441)}",5
114,R2G66S2,polygon,SAME_1,Yellow,"(0, 255, 255)",2,428,235,"[[294 242]
 [488 145]
 [492 309]]",[424 232],16102.0,118,3078.33,"{'Center_tag': (424, 232), 'Tag_0': (294, 242), 'Tag_1': (488, 145), 'Tag_2': (492, 309)}",5
115,R2G66S2,polygon,SAME_2,Yellow,"(0, 255, 255)",2,159,238,"[[291 240]
 [ 80 306]
 [ 88 127]]",[153 224],18620.5,118,3078.33,"{'Center_tag': (153, 224), 'Tag_0': (291, 240), 'Tag_1': (80, 306), 'Tag_2': (88, 127)}",5
116,R2G66S2,polygon,NEVER_1,Cyan,"(255, 255, 102)",2,398,143,"[[297 243]
 [392  37]
 [485 146]]",[391 142],14756.5,118,3078.33,"{'Center_tag': (391, 142), 'Tag_0': (297, 243), 'Tag_1': (392, 37), 'Tag_2': (485, 146)}",5
117,R2G66S2,polygon,NEVER_2,Cyan,"(255, 255, 102)",2,299,84,"[[294 240]
 [ 88 126]
 [224  29]]",[202 131],17743.0,118,3078.33,"{'Center_tag': (202, 131), 'Tag_0': (294, 240), 'Tag_1': (88, 126), 'Tag_2': (224, 29)}",5
118,R2G66S2,polygon,NOVEL_1,Red,"(0, 0, 255)",2,395,332,"[[301 245]
 [498 310]
 [376 452]]",[391 335],17952.0,118,3078.33,"{'Center_tag': (391, 335), 'Tag_0': (301, 245), 'Tag_1': (498, 310), 'Tag_2': (376, 452)}",5
119,R2G66S2,polygon,NOVEL_2,Red,"(0, 0, 255)",2,185,322,"[[295 240]
 [204 441]
 [ 80 307]]",[193 329],18559.0,118,3078.33,"{'Center_tag': (193, 329), 'Tag_0': (295, 240), 'Tag_1': (204, 441), 'Tag_2': (80, 307)}",5
120,R2G65S2,polygon,FORMER_1,Green,"(0, 128, 0)",2,296,129,"[[292 270]
 [227  63]
 [380  70]]",[299 134],15608.0,118,3078.33,"{'Center_tag': (299, 134), 'Tag_0': (292, 270), 'Tag_1': (227, 63), 'Tag_2': (380, 70)}",5
121,R2G65S2,polygon,FORMER_2,Green,"(0, 128, 0)",2,292,402,"[[291 271]
 [369 470]
 [201 467]]",[287 402],16599.0,118,3078.33,"{'Center_tag': (287, 402), 'Tag_0': (291, 271), 'Tag_1': (369, 470), 'Tag_2': (201, 467)}",5
122,R2G65S2,polygon,SAME_1,Yellow,"(0, 255, 255)",2,386,357,"[[292 270]
 [481 347]
 [369 469]]",[380 362],15841.0,118,3078.33,"{'Center_tag': (380, 362), 'Tag_0': (292, 270), 'Tag_1': (481, 347), 'Tag_2': (369, 469)}",5
123,R2G65S2,polygon,SAME_2,Yellow,"(0, 255, 255)",2,186,142,"[[292 271]
 [ 95 165]
 [228  63]]",[205 166],17096.0,118,3078.33,"{'Center_tag': (205, 166), 'Tag_0': (292, 271), 'Tag_1': (95, 165), 'Tag_2': (228, 63)}",5
124,R2G65S2,polygon,NEVER_1,Cyan,"(255, 255, 102)",2,430,265,"[[296 272]
 [492 191]
 [480 346]]",[422 269],14704.0,118,3078.33,"{'Center_tag': (422, 269), 'Tag_0': (296, 272), 'Tag_1': (492, 191), 'Tag_2': (480, 346)}",5
125,R2G65S2,polygon,NEVER_2,Cyan,"(255, 255, 102)",2,157,266,"[[289 270]
 [ 78 333]
 [ 93 165]]",[153 256],17251.5,118,3078.33,"{'Center_tag': (153, 256), 'Tag_0': (289, 270), 'Tag_1': (78, 333), 'Tag_2': (93, 165)}",5
126,R2G65S2,polygon,NOVEL_1,Red,"(0, 0, 255)",2,393,173,"[[292 273]
 [380  69]
 [491 189]]",[387 177],16602.0,118,3078.33,"{'Center_tag': (387, 177), 'Tag_0': (292, 273), 'Tag_1': (380, 69), 'Tag_2': (491, 189)}",5
127,R2G65S2,polygon,NOVEL_2,Red,"(0, 0, 255)",2,197,360,"[[290 270]
 [202 465]
 [ 78 333]]",[190 356],17898.0,118,3078.33,"{'Center_tag': (190, 356), 'Tag_0': (290, 270), 'Tag_1': (202, 465), 'Tag_2': (78, 333)}",5
128,R2G45S2,polygon,SAME_1,Yellow,"(0, 255, 255)",2,415,112,"[[315 218]
 [411   6]
 [522 130]]",[416 118],17718.0,118,3078.33,"{'Center_tag': (416, 118), 'Tag_0': (315, 218), 'Tag_1': (411, 6), 'Tag_2': (522, 130)}",5
129,R2G45S2,polygon,NOVEL_1,Red,"(0, 0, 255)",2,310,36,"[[315 216]
 [234   4]
 [410   6]]",[319  75],18575.0,118,3078.33,"{'Center_tag': (319, 75), 'Tag_0': (315, 216), 'Tag_1': (234, 4), 'Tag_2': (410, 6)}",5
130,R2G45S2,polygon,NOVEL_2,Red,"(0, 0, 255)",2,450,352,"[[315 221]
 [519 276]
 [417 415]]",[417 304],16983.0,118,3078.33,"{'Center_tag': (417, 304), 'Tag_0': (315, 221), 'Tag_1': (519, 276), 'Tag_2': (417, 415)}",5
131,R2G45S2,polygon,FORMER_1,Green,"(0, 128, 0)",2,353,346,"[[315 221]
 [416 412]
 [235 417]]",[322 350],17538.0,118,3078.33,"{'Center_tag': (322, 350), 'Tag_0': (315, 221), 'Tag_1': (416, 412), 'Tag_2': (235, 417)}",5
132,R2G45S2,polygon,FORMER_2,Green,"(0, 128, 0)",2,299,84,"[[314 216]
 [118 115]
 [232   5]]",[221 112],16537.0,118,3078.33,"{'Center_tag': (221, 112), 'Tag_0': (314, 216), 'Tag_1': (118, 115), 'Tag_2': (232, 5)}",5
133,R2G45S2,polygon,SAME_2,Yellow,"(0, 255, 255)",2,113,201,"[[315 217]
 [121 297]
 [113 116]]",[183 210],17877.0,118,3078.33,"{'Center_tag': (183, 210), 'Tag_0': (315, 217), 'Tag_1': (121, 297), 'Tag_2': (113, 116)}",5
134,R2G45S2,polygon,NEVER_1,Cyan,"(255, 255, 102)",2,519,236,"[[315 219]
 [521 131]
 [519 273]]",[451 207],14538.0,118,3078.33,"{'Center_tag': (451, 207), 'Tag_0': (315, 219), 'Tag_1': (521, 131), 'Tag_2': (519, 273)}",5
135,R2G45S2,polygon,NEVER_2,Cyan,"(255, 255, 102)",2,153,348,"[[314 220]
 [235 416]
 [118 299]]",[222 311],16087.5,118,3078.33,"{'Center_tag': (222, 311), 'Tag_0': (314, 220), 'Tag_1': (235, 416), 'Tag_2': (118, 299)}",5
136,R2G39S2,polygon,FORMER_1,Green,"(0, 128, 0)",2,415,112,"[[315 218]
 [421  14]
 [522 130]]",[419 120],16450.0,118,3078.33,"{'Center_tag': (419, 120), 'Tag_0': (315, 218), 'Tag_1': (421, 14), 'Tag_2': (522, 130)}",5
137,R2G39S2,polygon,FORMER_2,Green,"(0, 128, 0)",2,153,348,"[[314 220]
 [235 416]
 [116 295]]",[221 310],16441.5,118,3078.33,"{'Center_tag': (221, 310), 'Tag_0': (314, 220), 'Tag_1': (235, 416), 'Tag_2': (116, 295)}",5
138,R2G39S2,polygon,SAME_1,Yellow,"(0, 255, 255)",2,353,346,"[[315 221]
 [398 420]
 [235 417]]",[316 352],16094.0,118,3078.33,"{'Center_tag': (316, 352), 'Tag_0': (315, 221), 'Tag_1': (398, 420), 'Tag_2': (235, 417)}",5
139,R2G39S2,polygon,SAME_2,Yellow,"(0, 255, 255)",2,113,201,"[[315 217]
 [119 292]
 [116 136]]",[183 215],15400.5,118,3078.33,"{'Center_tag': (183, 215), 'Tag_0': (315, 217), 'Tag_1': (119, 292), 'Tag_2': (116, 136)}",5
140,R2G39S2,polygon,NEVER_1,Cyan,"(255, 255, 102)",2,450,352,"[[315 221]
 [511 302]
 [400 418]]",[408 313],15863.5,118,3078.33,"{'Center_tag': (408, 313), 'Tag_0': (315, 221), 'Tag_1': (511, 302), 'Tag_2': (400, 418)}",5
141,R2G39S2,polygon,NEVER_2,Cyan,"(255, 255, 102)",2,299,84,"[[314 216]
 [116 135]
 [232   5]]",[220 118],17568.0,118,3078.33,"{'Center_tag': (220, 118), 'Tag_0': (314, 216), 'Tag_1': (116, 135), 'Tag_2': (232, 5)}",5
142,R2G39S2,polygon,NOVEL_1,Red,"(0, 0, 255)",2,310,36,"[[315 216]
 [234   4]
 [421   8]]",[323  76],19660.0,118,3078.33,"{'Center_tag': (323, 76), 'Tag_0': (315, 216), 'Tag_1': (234, 4), 'Tag_2': (421, 8)}",5
143,R2G39S2,polygon,NOVEL_2,Red,"(0, 0, 255)",2,519,236,"[[315 219]
 [521 131]
 [517 301]]",[451 217],17334.0,118,3078.33,"{'Center_tag': (451, 217), 'Tag_0': (315, 219), 'Tag_1': (521, 131), 'Tag_2': (517, 301)}",5
144,R2G0S2,polygon,FORMER_1,Green,"(0, 128, 0)",2,408,145,"[[300 244]
 [409  56]
 [503 165]]",[404 155],14776.5,118,3078.33,"{'Center_tag': (404, 155), 'Tag_0': (300, 244), 'Tag_1': (409, 56), 'Tag_2': (503, 165)}",5
145,R2G0S2,polygon,FORMER_2,Green,"(0, 128, 0)",2,215,335,"[[300 246]
 [217 445]
 [103 338]]",[206 343],15783.5,118,3078.33,"{'Center_tag': (206, 343), 'Tag_0': (300, 246), 'Tag_1': (217, 445), 'Tag_2': (103, 338)}",5
146,R2G0S2,polygon,SAME_1,Yellow,"(0, 255, 255)",2,310,100,"[[300 244]
 [226  30]
 [409  52]]",[311 108],18767.0,118,3078.33,"{'Center_tag': (311, 108), 'Tag_0': (300, 244), 'Tag_1': (226, 30), 'Tag_2': (409, 52)}",5
147,R2G0S2,polygon,SAME_2,Yellow,"(0, 255, 255)",2,309,377,"[[302 244]
 [403 437]
 [216 444]]",[307 375],18399.0,118,3078.33,"{'Center_tag': (307, 375), 'Tag_0': (302, 244), 'Tag_1': (403, 437), 'Tag_2': (216, 444)}",5
148,R2G0S2,polygon,NEVER_1,Cyan,"(255, 255, 102)",2,403,332,"[[302 242]
 [488 342]
 [404 437]]",[398 340],13035.0,118,3078.33,"{'Center_tag': (398, 340), 'Tag_0': (302, 242), 'Tag_1': (488, 342), 'Tag_2': (404, 437)}",5
149,R2G0S2,polygon,NEVER_2,Cyan,"(255, 255, 102)",2,201,122,"[[298 244]
 [ 97 139]
 [224  33]]",[206 138],17320.5,118,3078.33,"{'Center_tag': (206, 138), 'Tag_0': (298, 244), 'Tag_1': (97, 139), 'Tag_2': (224, 33)}",5
150,R2G0S2,polygon,NOVEL_1,Red,"(0, 0, 255)",2,444,237,"[[303 244]
 [505 161]
 [490 344]]",[432 249],17860.5,118,3078.33,"{'Center_tag': (432, 249), 'Tag_0': (303, 244), 'Tag_1': (505, 161), 'Tag_2': (490, 344)}",5
151,R2G0S2,polygon,NOVEL_2,Red,"(0, 0, 255)",2,176,242,"[[298 244]
 [102 339]
 [ 95 140]]",[165 241],19834.5,118,3078.33,"{'Center_tag': (165, 241), 'Tag_0': (298, 244), 'Tag_1': (102, 339), 'Tag_2': (95, 140)}",5
152,R1G68S2,polygon,FORMER_1,Green,"(0, 128, 0)",2,297,99,"[[293 240]
 [222  27]
 [388  30]]",[301  99],17572.5,118,3078.33,"{'Center_tag': (301, 99), 'Tag_0': (293, 240), 'Tag_1': (222, 27), 'Tag_2': (388, 30)}",5
153,R1G68S2,polygon,FORMER_2,Green,"(0, 128, 0)",2,292,377,"[[291 246]
 [376 441]
 [223 450]]",[296 379],15300.0,118,3078.33,"{'Center_tag': (296, 379), 'Tag_0': (291, 246), 'Tag_1': (376, 441), 'Tag_2': (223, 450)}",5
154,R1G68S2,polygon,SAME_1,Yellow,"(0, 255, 255)",2,386,331,"[[292 244]
 [489 309]
 [377 441]]","(386, 331)",16642.0,118,3078.33,"{'Center_tag': (386, 331), 'Tag_0': (292, 244), 'Tag_1': (489, 309), 'Tag_2': (377, 441)}",5
155,R1G68S2,polygon,SAME_2,Yellow,"(0, 255, 255)",2,200,141,"[[292 240]
 [ 95 144]
 [223  29]]",[203 137],17471.5,118,3078.33,"{'Center_tag': (203, 137), 'Tag_0': (292, 240), 'Tag_1': (95, 144), 'Tag_2': (223, 29)}",5
156,R1G68S2,polygon,NEVER_1,Cyan,"(255, 255, 102)",2,426,235,"[[292 242]
 [496 170]
 [490 309]]",[426 240],13962.0,118,3078.33,"{'Center_tag': (426, 240), 'Tag_0': (292, 242), 'Tag_1': (496, 170), 'Tag_2': (490, 309)}",5
157,R1G68S2,polygon,NEVER_2,Cyan,"(255, 255, 102)",2,162,239,"[[294 241]
 [ 88 313]
 [ 95 144]]",[159 232],17155.0,118,3078.33,"{'Center_tag': (159, 232), 'Tag_0': (294, 241), 'Tag_1': (88, 313), 'Tag_2': (95, 144)}",5
158,R1G68S2,polygon,NOVEL_1,Red,"(0, 0, 255)",2,395,141,"[[294 241]
 [390  29]
 [494 169]]",[392 146],17744.0,118,3078.33,"{'Center_tag': (392, 146), 'Tag_0': (294, 241), 'Tag_1': (390, 29), 'Tag_2': (494, 169)}",5
159,R1G68S2,polygon,NOVEL_2,Red,"(0, 0, 255)",2,197,335,"[[291 244]
 [224 448]
 [ 91 311]]",[202 334],18155.5,118,3078.33,"{'Center_tag': (202, 334), 'Tag_0': (291, 244), 'Tag_1': (224, 448), 'Tag_2': (91, 311)}",5
160,R1G45S2,polygon,FORMER_1,Green,"(0, 128, 0)",2,310,36,"[[315 216]
 [234   4]
 [410   6]]",[319  75],18575.0,118,3078.33,"{'Center_tag': (319, 75), 'Tag_0': (315, 216), 'Tag_1': (234, 4), 'Tag_2': (410, 6)}",5
161,R1G45S2,polygon,FORMER_2,Green,"(0, 128, 0)",2,353,346,"[[315 221]
 [398 420]
 [254 419]]",[322 353],14286.5,118,3078.33,"{'Center_tag': (322, 353), 'Tag_0': (315, 221), 'Tag_1': (398, 420), 'Tag_2': (254, 419)}",5
162,R1G45S2,polygon,SAME_1,Yellow,"(0, 255, 255)",2,519,236,"[[315 219]
 [521 131]
 [510 306]]",[448 218],17541.0,118,3078.33,"{'Center_tag': (448, 218), 'Tag_0': (315, 219), 'Tag_1': (521, 131), 'Tag_2': (510, 306)}",5
163,R1G45S2,polygon,SAME_2,Yellow,"(0, 255, 255)",2,113,201,"[[315 217]
 [121 307]
 [116 136]]",[184 220],16812.0,118,3078.33,"{'Center_tag': (184, 220), 'Tag_0': (315, 217), 'Tag_1': (121, 307), 'Tag_2': (116, 136)}",5
164,R1G45S2,polygon,NEVER_1,Cyan,"(255, 255, 102)",2,415,112,"[[315 218]
 [411   6]
 [522 130]]",[416 118],17718.0,118,3078.33,"{'Center_tag': (416, 118), 'Tag_0': (315, 218), 'Tag_1': (411, 6), 'Tag_2': (522, 130)}",5
165,R1G45S2,polygon,NEVER_2,Cyan,"(255, 255, 102)",2,299,84,"[[314 216]
 [116 135]
 [232   5]]",[220 118],17568.0,118,3078.33,"{'Center_tag': (220, 118), 'Tag_0': (314, 216), 'Tag_1': (116, 135), 'Tag_2': (232, 5)}",5
166,R1G45S2,polygon,NOVEL_1,Red,"(0, 0, 255)",2,450,352,"[[315 221]
 [512 306]
 [400 418]]",[409 315],15792.0,118,3078.33,"{'Center_tag': (409, 315), 'Tag_0': (315, 221), 'Tag_1': (512, 306), 'Tag_2': (400, 418)}",5
167,R1G45S2,polygon,NOVEL_2,Red,"(0, 0, 255)",2,153,348,"[[314 220]
 [250 421]
 [120 309]]",[228 316],16649.0,118,3078.33,"{'Center_tag': (228, 316), 'Tag_0': (314, 220), 'Tag_1': (250, 421), 'Tag_2': (120, 309)}",5
168,R1G43S2,polygon,FORMER_1,Green,"(0, 128, 0)",2,310,36,"[[315 216]
 [234   4]
 [410   6]]",[319  75],18575.0,118,3078.33,"{'Center_tag': (319, 75), 'Tag_0': (315, 216), 'Tag_1': (234, 4), 'Tag_2': (410, 6)}",5
169,R1G43S2,polygon,FORMER_2,Green,"(0, 128, 0)",2,353,346,"[[315 221]
 [398 420]
 [247 421]]",[320 354],15066.0,118,3078.33,"{'Center_tag': (320, 354), 'Tag_0': (315, 221), 'Tag_1': (398, 420), 'Tag_2': (247, 421)}",5
170,R1G43S2,polygon,SAME_1,Yellow,"(0, 255, 255)",2,519,236,"[[315 219]
 [521 131]
 [510 293]]",[448 214],16202.0,118,3078.33,"{'Center_tag': (448, 214), 'Tag_0': (315, 219), 'Tag_1': (521, 131), 'Tag_2': (510, 293)}",5
171,R1G43S2,polygon,SAME_2,Yellow,"(0, 255, 255)",2,113,201,"[[315 217]
 [119 292]
 [121 124]]",[185 211],16389.0,118,3078.33,"{'Center_tag': (185, 211), 'Tag_0': (315, 217), 'Tag_1': (119, 292), 'Tag_2': (121, 124)}",5
172,R1G43S2,polygon,NEVER_1,Cyan,"(255, 255, 102)",2,415,112,"[[315 218]
 [411   6]
 [522 130]]",[416 118],17718.0,118,3078.33,"{'Center_tag': (416, 118), 'Tag_0': (315, 218), 'Tag_1': (411, 6), 'Tag_2': (522, 130)}",5
173,R1G43S2,polygon,NEVER_2,Cyan,"(255, 255, 102)",2,299,84,"[[314 216]
 [123 124]
 [232   5]]",[223 115],16378.5,118,3078.33,"{'Center_tag': (223, 115), 'Tag_0': (314, 216), 'Tag_1': (123, 124), 'Tag_2': (232, 5)}",5
174,R1G43S2,polygon,NOVEL_1,Red,"(0, 0, 255)",2,450,352,"[[315 221]
 [510 293]
 [400 418]]",[408 310],16147.5,118,3078.33,"{'Center_tag': (408, 310), 'Tag_0': (315, 221), 'Tag_1': (510, 293), 'Tag_2': (400, 418)}",5
175,R1G43S2,polygon,NOVEL_2,Red,"(0, 0, 255)",2,153,348,"[[314 220]
 [248 423]
 [116 295]]",[226 312],17622.0,118,3078.33,"{'Center_tag': (226, 312), 'Tag_0': (314, 220), 'Tag_1': (248, 423), 'Tag_2': (116, 295)}",5
176,R0G39S2,polygon,NEVER_1,Cyan,"(255, 255, 102)",2,310,36,"[[315 216]
 [234   4]
 [410   6]]",[319  75],18575.0,118,3078.33,"{'Center_tag': (319, 75), 'Tag_0': (315, 216), 'Tag_1': (234, 4), 'Tag_2': (410, 6)}",5
177,R0G39S2,polygon,NEVER_2,Cyan,"(255, 255, 102)",2,353,346,"[[315 221]
 [398 420]
 [235 417]]",[316 352],16094.0,118,3078.33,"{'Center_tag': (316, 352), 'Tag_0': (315, 221), 'Tag_1': (398, 420), 'Tag_2': (235, 417)}",5
178,R0G39S2,polygon,NOVEL_1,Red,"(0, 0, 255)",2,415,112,"[[315 218]
 [411   6]
 [522 130]]",[416 118],17718.0,118,3078.33,"{'Center_tag': (416, 118), 'Tag_0': (315, 218), 'Tag_1': (411, 6), 'Tag_2': (522, 130)}",5
179,R0G39S2,polygon,NOVEL_2,Red,"(0, 0, 255)",2,450,352,"[[315 221]
 [512 286]
 [400 418]]",[409 308],16642.0,118,3078.33,"{'Center_tag': (409, 308), 'Tag_0': (315, 221), 'Tag_1': (512, 286), 'Tag_2': (400, 418)}",5
180,R0G39S2,polygon,FORMER_1,Green,"(0, 128, 0)",2,519,236,"[[315 219]
 [521 131]
 [513 286]]",[449 212],15613.0,118,3078.33,"{'Center_tag': (449, 212), 'Tag_0': (315, 219), 'Tag_1': (521, 131), 'Tag_2': (513, 286)}",5
181,R0G39S2,polygon,FORMER_2,Green,"(0, 128, 0)",2,113,201,"[[315 217]
 [119 292]
 [116 136]]",[183 215],15400.5,118,3078.33,"{'Center_tag': (183, 215), 'Tag_0': (315, 217), 'Tag_1': (119, 292), 'Tag_2': (116, 136)}",5
182,R0G39S2,polygon,SAME_1,Yellow,"(0, 255, 255)",2,153,348,"[[314 220]
 [235 416]
 [116 295]]",[221 310],16441.5,118,3078.33,"{'Center_tag': (221, 310), 'Tag_0': (314, 220), 'Tag_1': (235, 416), 'Tag_2': (116, 295)}",5
183,R0G39S2,polygon,SAME_2,Yellow,"(0, 255, 255)",2,299,84,"[[314 216]
 [116 135]
 [232   5]]",[220 118],17568.0,118,3078.33,"{'Center_tag': (220, 118), 'Tag_0': (314, 216), 'Tag_1': (116, 135), 'Tag_2': (232, 5)}",5
184,R0G68S2,polygon,FORMER_1,Green,"(0, 128, 0)",2,297,99,"[[293 240]
 [212  28]
 [388  30]]","(297, 99)",18575.0,118,3078.33,"{'Center_tag': (297, 99), 'Tag_0': (293, 240), 'Tag_1': (212, 28), 'Tag_2': (388, 30)}",5
185,R0G68S2,polygon,FORMER_2,Green,"(0, 128, 0)",2,292,377,"[[291 246]
 [376 441]
 [217 446]]",[294 377],15715.0,118,3078.33,"{'Center_tag': (294, 377), 'Tag_0': (291, 246), 'Tag_1': (376, 441), 'Tag_2': (217, 446)}",5
186,R0G68S2,polygon,SAME_1,Yellow,"(0, 255, 255)",2,426,235,"[[292 242]
 [498 154]
 [490 309]]","(426, 235)",15613.0,118,3078.33,"{'Center_tag': (426, 235), 'Tag_0': (292, 242), 'Tag_1': (498, 154), 'Tag_2': (490, 309)}",5
187,R0G68S2,polygon,SAME_2,Yellow,"(0, 255, 255)",2,162,239,"[[294 241]
 [ 98 316]
 [101 138]]",[164 231],17331.5,118,3078.33,"{'Center_tag': (164, 231), 'Tag_0': (294, 241), 'Tag_1': (98, 316), 'Tag_2': (101, 138)}",5
188,R0G68S2,polygon,NEVER_1,Cyan,"(255, 255, 102)",2,395,141,"[[294 241]
 [390  29]
 [501 153]]","(395, 141)",17718.0,118,3078.33,"{'Center_tag': (395, 141), 'Tag_0': (294, 241), 'Tag_1': (390, 29), 'Tag_2': (501, 153)}",5
189,R0G68S2,polygon,NEVER_2,Cyan,"(255, 255, 102)",2,200,141,"[[294 240]
 [106 140]
 [211  27]]",[203 135],15872.0,118,3078.33,"{'Center_tag': (203, 135), 'Tag_0': (294, 240), 'Tag_1': (106, 140), 'Tag_2': (211, 27)}",5
190,R0G68S2,polygon,NOVEL_1,Red,"(0, 0, 255)",2,386,331,"[[292 244]
 [489 309]
 [377 441]]","(386, 331)",16642.0,118,3078.33,"{'Center_tag': (386, 331), 'Tag_0': (292, 244), 'Tag_1': (489, 309), 'Tag_2': (377, 441)}",5
191,R0G68S2,polygon,NOVEL_2,Red,"(0, 0, 255)",2,197,335,"[[290 245]
 [218 444]
 [ 92 320]]",[200 336],17001.0,118,3078.33,"{'Center_tag': (200, 336), 'Tag_0': (290, 245), 'Tag_1': (218, 444), 'Tag_2': (92, 320)}",5
